Key,Value
Density,0.576983
Density_unit,g/cm^3
Estimated_saturation_loading,26.78196
Estimated_saturation_loading_unit,mol/kg
Input_block,"[1.525, 100]"
Input_ha,DEF
Input_structure_filename,file.txt.cif
Input_volpo,"[1.525, 1.525, 10000]"
Number_of_blocking_spheres,0
POAV_A^3,12920.6
POAV_A^3_unit,A^3
POAV_Volume_fraction,0.7289
POAV_Volume_fraction_unit,
POAV_cm^3/g,1.2633
POAV_cm^3/g_unit,cm^3/g
PONAV_A^3,0.0
PONAV_A^3_unit,A^3
PONAV_Volume_fraction,0.0
PONAV_Volume_fraction_unit,
PONAV_cm^3/g,0.0
PONAV_cm^3/g_unit,cm^3/g
Unitcell_volume,17726.2
Unitcell_volume_unit,A^3
adsorption_energy_widom_average,-9.179430295
adsorption_energy_widom_dev,0.0176201578
adsorption_energy_widom_unit,kJ/mol
conversion_factor_molec_uc_to_cm3stp_cm3,2.0996814472
conversion_factor_molec_uc_to_mg_g,7.1428466883
conversion_factor_molec_uc_to_mol_kg,0.1623418522
henry_coefficient_average,4.95566e-06
henry_coefficient_dev,1.37694e-08
henry_coefficient_unit,mol/kg/Pa
is_kh_enough,True
is_porous,True
isotherm,"{'pressure': [0.2, 0.8, 1.4, 2.0, 2.6, 3.2, 3.8, 4.4, 5.0, 5.6, 6.2, 6.8, 7.4, 8.0, 8.6, 9.2, 9.8, 10.2], 'pressure_unit': 'bar', 'loading_absolute_dev': [0.0032919851572745, 0.025594449249285, 0.044807034682632, 0.03591657759997, 0.030171071165499, 0.073724142250961, 0.054927790985479, 0.07818709579521, 0.12890853117388, 0.12921359651481, 0.10630858532952, 0.067615278987357, 0.27563810159088, 0.14412652542687, 0.22372412536912, 0.34956181900889, 0.13684449644685, 0.56413048665728], 'loading_absolute_unit': 'mol/kg', 'loading_absolute_average': [0.09844409917408, 0.40169867908368, 0.71956402569128, 1.0425593748284, 1.3735744114642, 1.7550128273933, 2.08609280077, 2.5095777564189, 2.7435448338096, 3.1818028980087, 3.6754844705489, 4.1587436961778, 4.5759622563318, 5.0229867805498, 5.4601733885244, 6.088923382095, 6.5198760629451, 6.8662811071694], 'enthalpy_of_adsorption_dev': [0.41363460627073, 0.3048388499497, 0.14955167826528, 0.12003628412029, 0.061238332792896, 0.24910303226826, 0.1708571582982, 0.27490788456262, 0.53947928462747, 0.41266628420344, 0.27480716370258, 0.25492922767371, 0.10205184039643, 0.19096245208817, 0.59145374273528, 0.29660382629518, 0.33113439425307, 0.26259030705146], 'enthalpy_of_adsorption_unit': 'kJ/mol', 'enthalpy_of_adsorption_average': [-11.558516292102, -11.717871758416, -11.881346769433, -12.058353412653, -12.359110523559, -12.420887564125, -12.485902405361, -12.685661702959, -12.949153010235, -13.032424900019, -13.381646005338, -13.370526635238, -13.556467619499, -13.675045770871, -13.946020220665, -14.366838276255, -14.471730064104, -14.911253315374]}"
temperature,300
temperature_unit,K
